{
  "properties": {
    "connectionReferences": {
      "shared_commondataserviceforapps_1": {
        "runtimeSource": "embedded",
        "connection": {
          "connectionReferenceLogicalName": "ya_sharedcommondataserviceforapps_6493f"
        },
        "api": {
          "name": "shared_commondataserviceforapps"
        }
      }
    },
    "definition": {
      "$schema": "https://schema.management.azure.com/providers/Microsoft.Logic/schemas/2016-06-01/workflowdefinition.json#",
      "contentVersion": "1.0.0.0",
      "parameters": {
        "$connections": {
          "defaultValue": {},
          "type": "Object"
        },
        "$authentication": {
          "defaultValue": {},
          "type": "SecureObject"
        }
      },
      "triggers": {
        "行が追加、変更、または削除された場合": {
          "metadata": {
            "operationMetadataId": "653b0093-3a39-44c5-88fb-921eb3d8b296"
          },
          "type": "OpenApiConnectionWebhook",
          "inputs": {
            "host": {
              "connectionName": "shared_commondataserviceforapps_1",
              "operationId": "SubscribeWebhookTrigger",
              "apiId": "/providers/Microsoft.PowerApps/apis/shared_commondataserviceforapps"
            },
            "parameters": {
              "subscriptionRequest/message": 1,
              "subscriptionRequest/entityname": "ya_applicationrequest",
              "subscriptionRequest/scope": 4
            },
            "authentication": "@parameters('$authentication')"
          }
        }
      },
      "actions": {
        "申請書項目数": {
          "runAfter": {
            "JSON_の解析": [
              "Succeeded"
            ]
          },
          "metadata": {
            "operationMetadataId": "f5107f35-38e1-47b1-8ead-c8b3fd8d0c55"
          },
          "type": "Compose",
          "inputs": "@length(body('JSON_の解析')?['body']?['ya_ApplicationItem_ya_ApplicationType_ya_'])",
          "description": "length(body('JSON_の解析')?['body']?['ya_ApplicationItem_ya_ApplicationType_ya_'])"
        },
        "申請種別を取得する": {
          "runAfter": {},
          "metadata": {
            "operationMetadataId": "7ea717d4-341c-4ee8-89df-de3b7ee57c8d"
          },
          "type": "OpenApiConnection",
          "inputs": {
            "host": {
              "connectionName": "shared_commondataserviceforapps_1",
              "operationId": "GetItem",
              "apiId": "/providers/Microsoft.PowerApps/apis/shared_commondataserviceforapps"
            },
            "parameters": {
              "entityName": "@triggerOutputs()?['body/_ya_applicationtype_type']",
              "recordId": "@triggerOutputs()?['body/_ya_applicationtype_value']",
              "$expand": "ya_ApplicationItem_ya_ApplicationType_ya_"
            },
            "authentication": "@parameters('$authentication')"
          }
        },
        "JSON_の解析": {
          "runAfter": {
            "申請書のOData_ID": [
              "Succeeded"
            ]
          },
          "metadata": {
            "operationMetadataId": "9f483f33-6bfc-41d4-b8eb-12d2a07d0429"
          },
          "type": "ParseJson",
          "inputs": {
            "content": "@outputs('申請種別を取得する')",
            "schema": {
              "type": "object",
              "properties": {
                "statusCode": {
                  "type": "integer"
                },
                "headers": {
                  "type": "object",
                  "properties": {
                    "Vary": {
                      "type": "string"
                    },
                    "x-ms-service-request-id": {
                      "type": "string"
                    },
                    "Cache-Control": {
                      "type": "string"
                    },
                    "ETag": {
                      "type": "string"
                    },
                    "Set-Cookie": {
                      "type": "string"
                    },
                    "Strict-Transport-Security": {
                      "type": "string"
                    },
                    "REQ_ID": {
                      "type": "string"
                    },
                    "AuthActivityId": {
                      "type": "string"
                    },
                    "x-ms-dop-hint": {
                      "type": "string"
                    },
                    "x-ms-ratelimit-time-remaining-xrm-requests": {
                      "type": "string"
                    },
                    "x-ms-ratelimit-burst-remaining-xrm-requests": {
                      "type": "string"
                    },
                    "OData-Version": {
                      "type": "string"
                    },
                    "Preference-Applied": {
                      "type": "string"
                    },
                    "X-Source": {
                      "type": "string"
                    },
                    "Public": {
                      "type": "string"
                    },
                    "Date": {
                      "type": "string"
                    },
                    "Allow": {
                      "type": "string"
                    },
                    "Content-Type": {
                      "type": "string"
                    },
                    "Expires": {
                      "type": "string"
                    },
                    "Content-Length": {
                      "type": "string"
                    }
                  }
                },
                "body": {
                  "type": "object",
                  "properties": {
                    "@@odata.context": {
                      "type": "string"
                    },
                    "@@odata.type": {
                      "type": "string"
                    },
                    "@@odata.id": {
                      "type": "string"
                    },
                    "@@odata.etag": {
                      "type": "string"
                    },
                    "@@odata.editLink": {
                      "type": "string"
                    },
                    "statuscode@OData.Community.Display.V1.FormattedValue": {
                      "type": "string"
                    },
                    "statuscode": {
                      "type": "integer"
                    },
                    "_owningbusinessunit_value@OData.Community.Display.V1.FormattedValue": {
                      "type": "string"
                    },
                    "_owningbusinessunit_value@Microsoft.Dynamics.CRM.associatednavigationproperty": {
                      "type": "string"
                    },
                    "_owningbusinessunit_value@Microsoft.Dynamics.CRM.lookuplogicalname": {
                      "type": "string"
                    },
                    "_owningbusinessunit_value@odata.type": {
                      "type": "string"
                    },
                    "_owningbusinessunit_value": {
                      "type": "string"
                    },
                    "modifiedon@OData.Community.Display.V1.FormattedValue": {
                      "type": "string"
                    },
                    "modifiedon@odata.type": {
                      "type": "string"
                    },
                    "modifiedon": {
                      "type": "string"
                    },
                    "statecode@OData.Community.Display.V1.FormattedValue": {
                      "type": "string"
                    },
                    "statecode": {
                      "type": "integer"
                    },
                    "versionnumber@OData.Community.Display.V1.FormattedValue": {
                      "type": "string"
                    },
                    "versionnumber@odata.type": {
                      "type": "string"
                    },
                    "versionnumber": {
                      "type": "integer"
                    },
                    "ya_name": {
                      "type": "string"
                    },
                    "ya_applicationtypeid@odata.type": {
                      "type": "string"
                    },
                    "ya_applicationtypeid": {
                      "type": "string"
                    },
                    "_createdby_value@OData.Community.Display.V1.FormattedValue": {
                      "type": "string"
                    },
                    "_createdby_value@Microsoft.Dynamics.CRM.lookuplogicalname": {
                      "type": "string"
                    },
                    "_createdby_value@odata.type": {
                      "type": "string"
                    },
                    "_createdby_value": {
                      "type": "string"
                    },
                    "_modifiedby_value@OData.Community.Display.V1.FormattedValue": {
                      "type": "string"
                    },
                    "_modifiedby_value@Microsoft.Dynamics.CRM.lookuplogicalname": {
                      "type": "string"
                    },
                    "_modifiedby_value@odata.type": {
                      "type": "string"
                    },
                    "_modifiedby_value": {
                      "type": "string"
                    },
                    "createdon@OData.Community.Display.V1.FormattedValue": {
                      "type": "string"
                    },
                    "createdon@odata.type": {
                      "type": "string"
                    },
                    "createdon": {
                      "type": "string"
                    },
                    "_owninguser_value@Microsoft.Dynamics.CRM.lookuplogicalname": {
                      "type": "string"
                    },
                    "_owninguser_value@odata.type": {
                      "type": "string"
                    },
                    "_owninguser_value": {
                      "type": "string"
                    },
                    "_ownerid_value@OData.Community.Display.V1.FormattedValue": {
                      "type": "string"
                    },
                    "_ownerid_value@Microsoft.Dynamics.CRM.associatednavigationproperty": {
                      "type": "string"
                    },
                    "_ownerid_value@Microsoft.Dynamics.CRM.lookuplogicalname": {
                      "type": "string"
                    },
                    "_ownerid_value@odata.type": {
                      "type": "string"
                    },
                    "_ownerid_value": {
                      "type": "string"
                    },
                    "createdby@odata.associationLink": {
                      "type": "string"
                    },
                    "createdby@odata.navigationLink": {
                      "type": "string"
                    },
                    "createdonbehalfby@odata.associationLink": {
                      "type": "string"
                    },
                    "createdonbehalfby@odata.navigationLink": {
                      "type": "string"
                    },
                    "modifiedby@odata.associationLink": {
                      "type": "string"
                    },
                    "modifiedby@odata.navigationLink": {
                      "type": "string"
                    },
                    "modifiedonbehalfby@odata.associationLink": {
                      "type": "string"
                    },
                    "modifiedonbehalfby@odata.navigationLink": {
                      "type": "string"
                    },
                    "owninguser@odata.associationLink": {
                      "type": "string"
                    },
                    "owninguser@odata.navigationLink": {
                      "type": "string"
                    },
                    "owningteam@odata.associationLink": {
                      "type": "string"
                    },
                    "owningteam@odata.navigationLink": {
                      "type": "string"
                    },
                    "ownerid@odata.associationLink": {
                      "type": "string"
                    },
                    "ownerid@odata.navigationLink": {
                      "type": "string"
                    },
                    "owningbusinessunit@odata.associationLink": {
                      "type": "string"
                    },
                    "owningbusinessunit@odata.navigationLink": {
                      "type": "string"
                    },
                    "ya_applicationtype_SyncErrors@odata.associationLink": {
                      "type": "string"
                    },
                    "ya_applicationtype_SyncErrors@odata.navigationLink": {
                      "type": "string"
                    },
                    "ya_applicationtype_DuplicateMatchingRecord@odata.associationLink": {
                      "type": "string"
                    },
                    "ya_applicationtype_DuplicateMatchingRecord@odata.navigationLink": {
                      "type": "string"
                    },
                    "ya_applicationtype_DuplicateBaseRecord@odata.associationLink": {
                      "type": "string"
                    },
                    "ya_applicationtype_DuplicateBaseRecord@odata.navigationLink": {
                      "type": "string"
                    },
                    "ya_applicationtype_AsyncOperations@odata.associationLink": {
                      "type": "string"
                    },
                    "ya_applicationtype_AsyncOperations@odata.navigationLink": {
                      "type": "string"
                    },
                    "ya_applicationtype_MailboxTrackingFolders@odata.associationLink": {
                      "type": "string"
                    },
                    "ya_applicationtype_MailboxTrackingFolders@odata.navigationLink": {
                      "type": "string"
                    },
                    "ya_applicationtype_UserEntityInstanceDatas@odata.associationLink": {
                      "type": "string"
                    },
                    "ya_applicationtype_UserEntityInstanceDatas@odata.navigationLink": {
                      "type": "string"
                    },
                    "ya_applicationtype_ProcessSession@odata.associationLink": {
                      "type": "string"
                    },
                    "ya_applicationtype_ProcessSession@odata.navigationLink": {
                      "type": "string"
                    },
                    "ya_applicationtype_BulkDeleteFailures@odata.associationLink": {
                      "type": "string"
                    },
                    "ya_applicationtype_BulkDeleteFailures@odata.navigationLink": {
                      "type": "string"
                    },
                    "ya_applicationtype_PrincipalObjectAttributeAccesses@odata.associationLink": {
                      "type": "string"
                    },
                    "ya_applicationtype_PrincipalObjectAttributeAccesses@odata.navigationLink": {
                      "type": "string"
                    },
                    "ya_ApplicationRequest_ApplicationType_ya_@odata.associationLink": {
                      "type": "string"
                    },
                    "ya_ApplicationRequest_ApplicationType_ya_@odata.navigationLink": {
                      "type": "string"
                    },
                    "ya_ApplicationItem_ya_ApplicationType_ya_@odata.associationLink": {
                      "type": "string"
                    },
                    "ya_ApplicationItem_ya_ApplicationType_ya_@odata.navigationLink": {
                      "type": "string"
                    },
                    "ya_ApplicationItem_ya_ApplicationType_ya_@odata.type": {
                      "type": "string"
                    },
                    "ya_ApplicationItem_ya_ApplicationType_ya_": {
                      "type": "array",
                      "items": {
                        "type": "object",
                        "properties": {
                          "@@odata.type": {
                            "type": "string"
                          },
                          "@@odata.id": {
                            "type": "string"
                          },
                          "@@odata.etag": {
                            "type": "string"
                          },
                          "@@odata.editLink": {
                            "type": "string"
                          },
                          "ya_name": {
                            "type": "string"
                          },
                          "modifiedon@OData.Community.Display.V1.FormattedValue": {
                            "type": "string"
                          },
                          "modifiedon@odata.type": {
                            "type": "string"
                          },
                          "modifiedon": {
                            "type": "string"
                          },
                          "versionnumber@OData.Community.Display.V1.FormattedValue": {
                            "type": "string"
                          },
                          "versionnumber@odata.type": {
                            "type": "string"
                          },
                          "versionnumber": {
                            "type": "integer"
                          },
                          "statecode@OData.Community.Display.V1.FormattedValue": {
                            "type": "string"
                          },
                          "statecode": {
                            "type": "integer"
                          },
                          "ya_defaultvalue": {},
                          "ya_order@OData.Community.Display.V1.FormattedValue": {
                            "type": "string"
                          },
                          "ya_order": {
                            "type": "integer"
                          },
                          "_modifiedonbehalfby_value": {},
                          "_ya_applicationtype_value@OData.Community.Display.V1.FormattedValue": {
                            "type": "string"
                          },
                          "_ya_applicationtype_value@Microsoft.Dynamics.CRM.associatednavigationproperty": {
                            "type": "string"
                          },
                          "_ya_applicationtype_value@Microsoft.Dynamics.CRM.lookuplogicalname": {
                            "type": "string"
                          },
                          "_ya_applicationtype_value@odata.type": {
                            "type": "string"
                          },
                          "_ya_applicationtype_value": {
                            "type": "string"
                          },
                          "_modifiedby_value@OData.Community.Display.V1.FormattedValue": {
                            "type": "string"
                          },
                          "_modifiedby_value@Microsoft.Dynamics.CRM.lookuplogicalname": {
                            "type": "string"
                          },
                          "_modifiedby_value@odata.type": {
                            "type": "string"
                          },
                          "_modifiedby_value": {
                            "type": "string"
                          },
                          "_owninguser_value@Microsoft.Dynamics.CRM.lookuplogicalname": {
                            "type": "string"
                          },
                          "_owninguser_value@odata.type": {
                            "type": "string"
                          },
                          "_owninguser_value": {
                            "type": "string"
                          },
                          "_ownerid_value@OData.Community.Display.V1.FormattedValue": {
                            "type": "string"
                          },
                          "_ownerid_value@Microsoft.Dynamics.CRM.associatednavigationproperty": {
                            "type": "string"
                          },
                          "_ownerid_value@Microsoft.Dynamics.CRM.lookuplogicalname": {
                            "type": "string"
                          },
                          "_ownerid_value@odata.type": {
                            "type": "string"
                          },
                          "_ownerid_value": {
                            "type": "string"
                          },
                          "ya_description": {
                            "type": "string"
                          },
                          "overriddencreatedon": {},
                          "ya_applicationitemid@odata.type": {
                            "type": "string"
                          },
                          "ya_applicationitemid": {
                            "type": "string"
                          },
                          "importsequencenumber": {},
                          "timezoneruleversionnumber": {},
                          "_createdby_value@OData.Community.Display.V1.FormattedValue": {
                            "type": "string"
                          },
                          "_createdby_value@Microsoft.Dynamics.CRM.lookuplogicalname": {
                            "type": "string"
                          },
                          "_createdby_value@odata.type": {
                            "type": "string"
                          },
                          "_createdby_value": {
                            "type": "string"
                          },
                          "_createdonbehalfby_value": {},
                          "_ya_itemtype_value@OData.Community.Display.V1.FormattedValue": {
                            "type": "string"
                          },
                          "_ya_itemtype_value@Microsoft.Dynamics.CRM.associatednavigationproperty": {
                            "type": "string"
                          },
                          "_ya_itemtype_value@Microsoft.Dynamics.CRM.lookuplogicalname": {
                            "type": "string"
                          },
                          "_ya_itemtype_value@odata.type": {
                            "type": "string"
                          },
                          "_ya_itemtype_value": {
                            "type": "string"
                          },
                          "_owningteam_value": {},
                          "utcconversiontimezonecode": {},
                          "statuscode@OData.Community.Display.V1.FormattedValue": {
                            "type": "string"
                          },
                          "statuscode": {
                            "type": "integer"
                          },
                          "createdon@OData.Community.Display.V1.FormattedValue": {
                            "type": "string"
                          },
                          "createdon@odata.type": {
                            "type": "string"
                          },
                          "createdon": {
                            "type": "string"
                          },
                          "_owningbusinessunit_value@OData.Community.Display.V1.FormattedValue": {
                            "type": "string"
                          },
                          "_owningbusinessunit_value@Microsoft.Dynamics.CRM.associatednavigationproperty": {
                            "type": "string"
                          },
                          "_owningbusinessunit_value@Microsoft.Dynamics.CRM.lookuplogicalname": {
                            "type": "string"
                          },
                          "_owningbusinessunit_value@odata.type": {
                            "type": "string"
                          },
                          "_owningbusinessunit_value": {
                            "type": "string"
                          },
                          "createdby@odata.associationLink": {
                            "type": "string"
                          },
                          "createdby@odata.navigationLink": {
                            "type": "string"
                          },
                          "createdonbehalfby@odata.associationLink": {
                            "type": "string"
                          },
                          "createdonbehalfby@odata.navigationLink": {
                            "type": "string"
                          },
                          "modifiedby@odata.associationLink": {
                            "type": "string"
                          },
                          "modifiedby@odata.navigationLink": {
                            "type": "string"
                          },
                          "modifiedonbehalfby@odata.associationLink": {
                            "type": "string"
                          },
                          "modifiedonbehalfby@odata.navigationLink": {
                            "type": "string"
                          },
                          "owninguser@odata.associationLink": {
                            "type": "string"
                          },
                          "owninguser@odata.navigationLink": {
                            "type": "string"
                          },
                          "owningteam@odata.associationLink": {
                            "type": "string"
                          },
                          "owningteam@odata.navigationLink": {
                            "type": "string"
                          },
                          "ownerid@odata.associationLink": {
                            "type": "string"
                          },
                          "ownerid@odata.navigationLink": {
                            "type": "string"
                          },
                          "owningbusinessunit@odata.associationLink": {
                            "type": "string"
                          },
                          "owningbusinessunit@odata.navigationLink": {
                            "type": "string"
                          },
                          "ya_applicationitem_SyncErrors@odata.associationLink": {
                            "type": "string"
                          },
                          "ya_applicationitem_SyncErrors@odata.navigationLink": {
                            "type": "string"
                          },
                          "ya_applicationitem_DuplicateMatchingRecord@odata.associationLink": {
                            "type": "string"
                          },
                          "ya_applicationitem_DuplicateMatchingRecord@odata.navigationLink": {
                            "type": "string"
                          },
                          "ya_applicationitem_DuplicateBaseRecord@odata.associationLink": {
                            "type": "string"
                          },
                          "ya_applicationitem_DuplicateBaseRecord@odata.navigationLink": {
                            "type": "string"
                          },
                          "ya_applicationitem_AsyncOperations@odata.associationLink": {
                            "type": "string"
                          },
                          "ya_applicationitem_AsyncOperations@odata.navigationLink": {
                            "type": "string"
                          },
                          "ya_applicationitem_MailboxTrackingFolders@odata.associationLink": {
                            "type": "string"
                          },
                          "ya_applicationitem_MailboxTrackingFolders@odata.navigationLink": {
                            "type": "string"
                          },
                          "ya_applicationitem_UserEntityInstanceDatas@odata.associationLink": {
                            "type": "string"
                          },
                          "ya_applicationitem_UserEntityInstanceDatas@odata.navigationLink": {
                            "type": "string"
                          },
                          "ya_applicationitem_ProcessSession@odata.associationLink": {
                            "type": "string"
                          },
                          "ya_applicationitem_ProcessSession@odata.navigationLink": {
                            "type": "string"
                          },
                          "ya_applicationitem_BulkDeleteFailures@odata.associationLink": {
                            "type": "string"
                          },
                          "ya_applicationitem_BulkDeleteFailures@odata.navigationLink": {
                            "type": "string"
                          },
                          "ya_applicationitem_PrincipalObjectAttributeAccesses@odata.associationLink": {
                            "type": "string"
                          },
                          "ya_applicationitem_PrincipalObjectAttributeAccesses@odata.navigationLink": {
                            "type": "string"
                          },
                          "ya_ApplicationType@odata.associationLink": {
                            "type": "string"
                          },
                          "ya_ApplicationType@odata.navigationLink": {
                            "type": "string"
                          },
                          "ya_ItemType@odata.associationLink": {
                            "type": "string"
                          },
                          "ya_ItemType@odata.navigationLink": {
                            "type": "string"
                          }
                        },
                        "required": [
                          "@@odata.type",
                          "@@odata.id",
                          "@@odata.etag",
                          "@@odata.editLink",
                          "ya_name",
                          "modifiedon@OData.Community.Display.V1.FormattedValue",
                          "modifiedon@odata.type",
                          "modifiedon",
                          "versionnumber@OData.Community.Display.V1.FormattedValue",
                          "versionnumber@odata.type",
                          "versionnumber",
                          "statecode@OData.Community.Display.V1.FormattedValue",
                          "statecode",
                          "ya_defaultvalue",
                          "ya_order@OData.Community.Display.V1.FormattedValue",
                          "ya_order",
                          "_modifiedonbehalfby_value",
                          "_ya_applicationtype_value@OData.Community.Display.V1.FormattedValue",
                          "_ya_applicationtype_value@Microsoft.Dynamics.CRM.associatednavigationproperty",
                          "_ya_applicationtype_value@Microsoft.Dynamics.CRM.lookuplogicalname",
                          "_ya_applicationtype_value@odata.type",
                          "_ya_applicationtype_value",
                          "_modifiedby_value@OData.Community.Display.V1.FormattedValue",
                          "_modifiedby_value@Microsoft.Dynamics.CRM.lookuplogicalname",
                          "_modifiedby_value@odata.type",
                          "_modifiedby_value",
                          "_owninguser_value@Microsoft.Dynamics.CRM.lookuplogicalname",
                          "_owninguser_value@odata.type",
                          "_owninguser_value",
                          "_ownerid_value@OData.Community.Display.V1.FormattedValue",
                          "_ownerid_value@Microsoft.Dynamics.CRM.associatednavigationproperty",
                          "_ownerid_value@Microsoft.Dynamics.CRM.lookuplogicalname",
                          "_ownerid_value@odata.type",
                          "_ownerid_value",
                          "ya_description",
                          "overriddencreatedon",
                          "ya_applicationitemid@odata.type",
                          "ya_applicationitemid",
                          "importsequencenumber",
                          "timezoneruleversionnumber",
                          "_createdby_value@OData.Community.Display.V1.FormattedValue",
                          "_createdby_value@Microsoft.Dynamics.CRM.lookuplogicalname",
                          "_createdby_value@odata.type",
                          "_createdby_value",
                          "_createdonbehalfby_value",
                          "_ya_itemtype_value@OData.Community.Display.V1.FormattedValue",
                          "_ya_itemtype_value@Microsoft.Dynamics.CRM.associatednavigationproperty",
                          "_ya_itemtype_value@Microsoft.Dynamics.CRM.lookuplogicalname",
                          "_ya_itemtype_value@odata.type",
                          "_ya_itemtype_value",
                          "_owningteam_value",
                          "utcconversiontimezonecode",
                          "statuscode@OData.Community.Display.V1.FormattedValue",
                          "statuscode",
                          "createdon@OData.Community.Display.V1.FormattedValue",
                          "createdon@odata.type",
                          "createdon",
                          "_owningbusinessunit_value@OData.Community.Display.V1.FormattedValue",
                          "_owningbusinessunit_value@Microsoft.Dynamics.CRM.associatednavigationproperty",
                          "_owningbusinessunit_value@Microsoft.Dynamics.CRM.lookuplogicalname",
                          "_owningbusinessunit_value@odata.type",
                          "_owningbusinessunit_value",
                          "createdby@odata.associationLink",
                          "createdby@odata.navigationLink",
                          "createdonbehalfby@odata.associationLink",
                          "createdonbehalfby@odata.navigationLink",
                          "modifiedby@odata.associationLink",
                          "modifiedby@odata.navigationLink",
                          "modifiedonbehalfby@odata.associationLink",
                          "modifiedonbehalfby@odata.navigationLink",
                          "owninguser@odata.associationLink",
                          "owninguser@odata.navigationLink",
                          "owningteam@odata.associationLink",
                          "owningteam@odata.navigationLink",
                          "ownerid@odata.associationLink",
                          "ownerid@odata.navigationLink",
                          "owningbusinessunit@odata.associationLink",
                          "owningbusinessunit@odata.navigationLink",
                          "ya_applicationitem_SyncErrors@odata.associationLink",
                          "ya_applicationitem_SyncErrors@odata.navigationLink",
                          "ya_applicationitem_DuplicateMatchingRecord@odata.associationLink",
                          "ya_applicationitem_DuplicateMatchingRecord@odata.navigationLink",
                          "ya_applicationitem_DuplicateBaseRecord@odata.associationLink",
                          "ya_applicationitem_DuplicateBaseRecord@odata.navigationLink",
                          "ya_applicationitem_AsyncOperations@odata.associationLink",
                          "ya_applicationitem_AsyncOperations@odata.navigationLink",
                          "ya_applicationitem_MailboxTrackingFolders@odata.associationLink",
                          "ya_applicationitem_MailboxTrackingFolders@odata.navigationLink",
                          "ya_applicationitem_UserEntityInstanceDatas@odata.associationLink",
                          "ya_applicationitem_UserEntityInstanceDatas@odata.navigationLink",
                          "ya_applicationitem_ProcessSession@odata.associationLink",
                          "ya_applicationitem_ProcessSession@odata.navigationLink",
                          "ya_applicationitem_BulkDeleteFailures@odata.associationLink",
                          "ya_applicationitem_BulkDeleteFailures@odata.navigationLink",
                          "ya_applicationitem_PrincipalObjectAttributeAccesses@odata.associationLink",
                          "ya_applicationitem_PrincipalObjectAttributeAccesses@odata.navigationLink",
                          "ya_ApplicationType@odata.associationLink",
                          "ya_ApplicationType@odata.navigationLink",
                          "ya_ItemType@odata.associationLink",
                          "ya_ItemType@odata.navigationLink"
                        ]
                      }
                    }
                  }
                }
              }
            }
          },
          "description": "outputs('申請種別を取得する')"
        },
        "Apply_to_each": {
          "foreach": "@body('JSON_の解析')?['body']?['ya_ApplicationItem_ya_ApplicationType_ya_']",
          "actions": {
            "新しい行を追加する": {
              "runAfter": {},
              "metadata": {
                "operationMetadataId": "fa104419-251b-4b66-8e02-838d02c53c20"
              },
              "type": "OpenApiConnection",
              "inputs": {
                "host": {
                  "connectionName": "shared_commondataserviceforapps_1",
                  "operationId": "CreateRecord",
                  "apiId": "/providers/Microsoft.PowerApps/apis/shared_commondataserviceforapps"
                },
                "parameters": {
                  "entityName": "ya_applicationrequestitems",
                  "item/ya_order": "@items('Apply_to_each')?['ya_order']",
                  "item/ya_ApplicationRequest@odata.bind": "@outputs('申請書のOData_ID')",
                  "item/ya_itemname": "@items('Apply_to_each')?['ya_name']"
                },
                "authentication": "@parameters('$authentication')"
              }
            }
          },
          "runAfter": {
            "申請書項目数": [
              "Succeeded"
            ]
          },
          "metadata": {
            "operationMetadataId": "16db3579-32db-44a5-9e58-7b2074992b3a"
          },
          "type": "Foreach"
        },
        "申請書のOData_ID": {
          "runAfter": {
            "申請種別を取得する": [
              "Succeeded"
            ]
          },
          "metadata": {
            "operationMetadataId": "501de68a-ce2e-4047-a7a2-bb80e26403f4"
          },
          "type": "Compose",
          "inputs": "https://org6860d1d2.crm7.dynamics.com/api/data/v9.1/ya_applicationrequests(@{triggerOutputs()?['body/ya_applicationrequestid']})",
          "description": "outputs('申請種別を取得する')['body/@odata.id']"
        }
      }
    },
    "templateName": ""
  },
  "schemaVersion": "1.0.0.0"
}