{
  "properties": {
    "connectionReferences": {
      "shared_commondataserviceforapps_1": {
        "runtimeSource": "embedded",
        "connection": {
          "connectionReferenceLogicalName": "ya_sharedcommondataserviceforapps_6493f"
        },
        "api": {
          "name": "shared_commondataserviceforapps"
        }
      },
      "shared_approvals_1": {
        "runtimeSource": "embedded",
        "connection": {
          "connectionReferenceLogicalName": "ya_sharedapprovals_41f72"
        },
        "api": {
          "name": "shared_approvals"
        }
      }
    },
    "definition": {
      "$schema": "https://schema.management.azure.com/providers/Microsoft.Logic/schemas/2016-06-01/workflowdefinition.json#",
      "contentVersion": "1.0.0.0",
      "parameters": {
        "$connections": {
          "defaultValue": {},
          "type": "Object"
        },
        "$authentication": {
          "defaultValue": {},
          "type": "SecureObject"
        }
      },
      "triggers": {
        "行が追加、変更、または削除された場合": {
          "metadata": {
            "operationMetadataId": "359ed8ea-42c5-4e99-a464-5d89ac923edb"
          },
          "type": "OpenApiConnectionWebhook",
          "inputs": {
            "host": {
              "connectionName": "shared_commondataserviceforapps_1",
              "operationId": "SubscribeWebhookTrigger",
              "apiId": "/providers/Microsoft.PowerApps/apis/shared_commondataserviceforapps"
            },
            "parameters": {
              "subscriptionRequest/message": 3,
              "subscriptionRequest/entityname": "ya_applicationrequest",
              "subscriptionRequest/scope": 4,
              "subscriptionRequest/filteringattributes": "ya_applicationrequested",
              "subscriptionRequest/filterexpression": "ya_applicationrequested eq true"
            },
            "authentication": "@parameters('$authentication')"
          }
        }
      },
      "actions": {
        "トリガー本文の解析": {
          "runAfter": {},
          "metadata": {
            "operationMetadataId": "72862e6e-fd80-41da-8dd9-97813158f3c3"
          },
          "type": "ParseJson",
          "inputs": {
            "content": "@triggerOutputs()?['body']",
            "schema": {
              "type": "object",
              "properties": {
                "ya_id": {
                  "type": "string"
                },
                "_owningbusinessunit_value": {
                  "type": "string"
                },
                "_owningbusinessunit_value@Microsoft.Dynamics.CRM.lookuplogicalname": {
                  "type": "string"
                },
                "_owningbusinessunit_type": {
                  "type": "string"
                },
                "statecode": {
                  "type": "integer"
                },
                "_statecode_label": {
                  "type": "string"
                },
                "statuscode": {
                  "type": "integer"
                },
                "_statuscode_label": {
                  "type": "string"
                },
                "_createdby_value": {
                  "type": "string"
                },
                "_createdby_value@Microsoft.Dynamics.CRM.lookuplogicalname": {
                  "type": "string"
                },
                "_createdby_type": {
                  "type": "string"
                },
                "_ya_applicationtype_value": {
                  "type": "string"
                },
                "_ya_applicationtype_value@Microsoft.Dynamics.CRM.lookuplogicalname": {
                  "type": "string"
                },
                "_ya_applicationtype_type": {
                  "type": "string"
                },
                "_ownerid_value": {
                  "type": "string"
                },
                "_ownerid_value@Microsoft.Dynamics.CRM.lookuplogicalname": {
                  "type": "string"
                },
                "_ownerid_type": {
                  "type": "string"
                },
                "_modifiedby_value": {
                  "type": "string"
                },
                "_modifiedby_value@Microsoft.Dynamics.CRM.lookuplogicalname": {
                  "type": "string"
                },
                "_modifiedby_type": {
                  "type": "string"
                },
                "ya_applicationrequested": {
                  "type": "boolean"
                },
                "createdon": {
                  "type": "string"
                },
                "modifiedon": {
                  "type": "string"
                },
                "ya_applicationrequestid": {
                  "type": "string"
                },
                "ItemInternalId": {
                  "type": "string"
                },
                "SdkMessage": {
                  "type": "string"
                },
                "RunAsSystemUserId": {
                  "type": "string"
                },
                "RowVersion": {
                  "type": "string"
                }
              }
            }
          }
        },
        "承認・申請書項目を取得する": {
          "runAfter": {
            "トリガー本文の解析": [
              "Succeeded"
            ]
          },
          "metadata": {
            "operationMetadataId": "a3c91a11-74ac-44ee-856c-741596015967"
          },
          "type": "OpenApiConnection",
          "inputs": {
            "host": {
              "connectionName": "shared_commondataserviceforapps_1",
              "operationId": "GetItem",
              "apiId": "/providers/Microsoft.PowerApps/apis/shared_commondataserviceforapps"
            },
            "parameters": {
              "entityName": "ya_applicationrequests",
              "recordId": "@triggerOutputs()?['body/ya_applicationrequestid']",
              "$expand": "ya_ApplicationApproval_ya_ApplicationRequ,ya_ApplicationRequestItem_ya_ApplicationR"
            },
            "authentication": "@parameters('$authentication')"
          }
        },
        "承認・申請書項目の解析": {
          "runAfter": {
            "承認・申請書項目を取得する": [
              "Succeeded"
            ]
          },
          "metadata": {
            "operationMetadataId": "c979ecbd-7c01-4868-aef1-9abb9b2503b8"
          },
          "type": "ParseJson",
          "inputs": {
            "content": "@body('承認・申請書項目を取得する')",
            "schema": {
              "type": "object",
              "properties": {
                "@@odata.context": {
                  "type": "string"
                },
                "@@odata.type": {
                  "type": "string"
                },
                "@@odata.id": {
                  "type": "string"
                },
                "@@odata.etag": {
                  "type": "string"
                },
                "@@odata.editLink": {
                  "type": "string"
                },
                "createdon@OData.Community.Display.V1.FormattedValue": {
                  "type": "string"
                },
                "createdon@odata.type": {
                  "type": "string"
                },
                "createdon": {
                  "type": "string"
                },
                "ya_applicationrequestid@odata.type": {
                  "type": "string"
                },
                "ya_applicationrequestid": {
                  "type": "string"
                },
                "_owningbusinessunit_value@OData.Community.Display.V1.FormattedValue": {
                  "type": "string"
                },
                "_owningbusinessunit_value@Microsoft.Dynamics.CRM.associatednavigationproperty": {
                  "type": "string"
                },
                "_owningbusinessunit_value@Microsoft.Dynamics.CRM.lookuplogicalname": {
                  "type": "string"
                },
                "_owningbusinessunit_value@odata.type": {
                  "type": "string"
                },
                "_owningbusinessunit_value": {
                  "type": "string"
                },
                "ya_id": {
                  "type": "string"
                },
                "modifiedon@OData.Community.Display.V1.FormattedValue": {
                  "type": "string"
                },
                "modifiedon@odata.type": {
                  "type": "string"
                },
                "modifiedon": {
                  "type": "string"
                },
                "statecode@OData.Community.Display.V1.FormattedValue": {
                  "type": "string"
                },
                "statecode": {
                  "type": "integer"
                },
                "_ya_applicationtype_value@OData.Community.Display.V1.FormattedValue": {
                  "type": "string"
                },
                "_ya_applicationtype_value@Microsoft.Dynamics.CRM.associatednavigationproperty": {
                  "type": "string"
                },
                "_ya_applicationtype_value@Microsoft.Dynamics.CRM.lookuplogicalname": {
                  "type": "string"
                },
                "_ya_applicationtype_value@odata.type": {
                  "type": "string"
                },
                "_ya_applicationtype_value": {
                  "type": "string"
                },
                "ya_applicationrequested@OData.Community.Display.V1.FormattedValue": {
                  "type": "string"
                },
                "ya_applicationrequested": {
                  "type": "boolean"
                },
                "statuscode@OData.Community.Display.V1.FormattedValue": {
                  "type": "string"
                },
                "statuscode": {
                  "type": "integer"
                },
                "versionnumber@OData.Community.Display.V1.FormattedValue": {
                  "type": "string"
                },
                "versionnumber@odata.type": {
                  "type": "string"
                },
                "versionnumber": {
                  "type": "integer"
                },
                "_modifiedby_value@OData.Community.Display.V1.FormattedValue": {
                  "type": "string"
                },
                "_modifiedby_value@Microsoft.Dynamics.CRM.lookuplogicalname": {
                  "type": "string"
                },
                "_modifiedby_value@odata.type": {
                  "type": "string"
                },
                "_modifiedby_value": {
                  "type": "string"
                },
                "_owninguser_value@Microsoft.Dynamics.CRM.lookuplogicalname": {
                  "type": "string"
                },
                "_owninguser_value@odata.type": {
                  "type": "string"
                },
                "_owninguser_value": {
                  "type": "string"
                },
                "_createdby_value@OData.Community.Display.V1.FormattedValue": {
                  "type": "string"
                },
                "_createdby_value@Microsoft.Dynamics.CRM.lookuplogicalname": {
                  "type": "string"
                },
                "_createdby_value@odata.type": {
                  "type": "string"
                },
                "_createdby_value": {
                  "type": "string"
                },
                "_ownerid_value@OData.Community.Display.V1.FormattedValue": {
                  "type": "string"
                },
                "_ownerid_value@Microsoft.Dynamics.CRM.associatednavigationproperty": {
                  "type": "string"
                },
                "_ownerid_value@Microsoft.Dynamics.CRM.lookuplogicalname": {
                  "type": "string"
                },
                "_ownerid_value@odata.type": {
                  "type": "string"
                },
                "_ownerid_value": {
                  "type": "string"
                },
                "createdby@odata.associationLink": {
                  "type": "string"
                },
                "createdby@odata.navigationLink": {
                  "type": "string"
                },
                "createdonbehalfby@odata.associationLink": {
                  "type": "string"
                },
                "createdonbehalfby@odata.navigationLink": {
                  "type": "string"
                },
                "modifiedby@odata.associationLink": {
                  "type": "string"
                },
                "modifiedby@odata.navigationLink": {
                  "type": "string"
                },
                "modifiedonbehalfby@odata.associationLink": {
                  "type": "string"
                },
                "modifiedonbehalfby@odata.navigationLink": {
                  "type": "string"
                },
                "owninguser@odata.associationLink": {
                  "type": "string"
                },
                "owninguser@odata.navigationLink": {
                  "type": "string"
                },
                "owningteam@odata.associationLink": {
                  "type": "string"
                },
                "owningteam@odata.navigationLink": {
                  "type": "string"
                },
                "ownerid@odata.associationLink": {
                  "type": "string"
                },
                "ownerid@odata.navigationLink": {
                  "type": "string"
                },
                "owningbusinessunit@odata.associationLink": {
                  "type": "string"
                },
                "owningbusinessunit@odata.navigationLink": {
                  "type": "string"
                },
                "ya_applicationrequest_SyncErrors@odata.associationLink": {
                  "type": "string"
                },
                "ya_applicationrequest_SyncErrors@odata.navigationLink": {
                  "type": "string"
                },
                "ya_applicationrequest_DuplicateMatchingRecord@odata.associationLink": {
                  "type": "string"
                },
                "ya_applicationrequest_DuplicateMatchingRecord@odata.navigationLink": {
                  "type": "string"
                },
                "ya_applicationrequest_DuplicateBaseRecord@odata.associationLink": {
                  "type": "string"
                },
                "ya_applicationrequest_DuplicateBaseRecord@odata.navigationLink": {
                  "type": "string"
                },
                "ya_applicationrequest_AsyncOperations@odata.associationLink": {
                  "type": "string"
                },
                "ya_applicationrequest_AsyncOperations@odata.navigationLink": {
                  "type": "string"
                },
                "ya_applicationrequest_MailboxTrackingFolders@odata.associationLink": {
                  "type": "string"
                },
                "ya_applicationrequest_MailboxTrackingFolders@odata.navigationLink": {
                  "type": "string"
                },
                "ya_applicationrequest_UserEntityInstanceDatas@odata.associationLink": {
                  "type": "string"
                },
                "ya_applicationrequest_UserEntityInstanceDatas@odata.navigationLink": {
                  "type": "string"
                },
                "ya_applicationrequest_ProcessSession@odata.associationLink": {
                  "type": "string"
                },
                "ya_applicationrequest_ProcessSession@odata.navigationLink": {
                  "type": "string"
                },
                "ya_applicationrequest_BulkDeleteFailures@odata.associationLink": {
                  "type": "string"
                },
                "ya_applicationrequest_BulkDeleteFailures@odata.navigationLink": {
                  "type": "string"
                },
                "ya_applicationrequest_PrincipalObjectAttributeAccesses@odata.associationLink": {
                  "type": "string"
                },
                "ya_applicationrequest_PrincipalObjectAttributeAccesses@odata.navigationLink": {
                  "type": "string"
                },
                "ya_ApplicationType@odata.associationLink": {
                  "type": "string"
                },
                "ya_ApplicationType@odata.navigationLink": {
                  "type": "string"
                },
                "bpf_ya_applicationrequest_ya_applicationrequestbpf@odata.associationLink": {
                  "type": "string"
                },
                "bpf_ya_applicationrequest_ya_applicationrequestbpf@odata.navigationLink": {
                  "type": "string"
                },
                "stageid@odata.associationLink": {
                  "type": "string"
                },
                "stageid@odata.navigationLink": {
                  "type": "string"
                },
                "ya_ApplicationApproval_ya_ApplicationRequ@odata.associationLink": {
                  "type": "string"
                },
                "ya_ApplicationApproval_ya_ApplicationRequ@odata.navigationLink": {
                  "type": "string"
                },
                "ya_ApplicationApproval_ya_ApplicationRequ@odata.type": {
                  "type": "string"
                },
                "ya_ApplicationApproval_ya_ApplicationRequ": {
                  "type": "array",
                  "items": {
                    "type": "object",
                    "properties": {
                      "@@odata.type": {
                        "type": "string"
                      },
                      "@@odata.id": {
                        "type": "string"
                      },
                      "@@odata.etag": {
                        "type": "string"
                      },
                      "@@odata.editLink": {
                        "type": "string"
                      },
                      "processid@odata.type": {
                        "type": "string"
                      },
                      "processid": {
                        "type": "string"
                      },
                      "ya_approvalstatus@OData.Community.Display.V1.FormattedValue": {
                        "type": "string"
                      },
                      "ya_approvalstatus": {
                        "type": "integer"
                      },
                      "createdon@OData.Community.Display.V1.FormattedValue": {
                        "type": "string"
                      },
                      "createdon@odata.type": {
                        "type": "string"
                      },
                      "createdon": {
                        "type": "string"
                      },
                      "ya_operatedon": {},
                      "_ya_applicationrequest_value@OData.Community.Display.V1.FormattedValue": {
                        "type": "string"
                      },
                      "_ya_applicationrequest_value@Microsoft.Dynamics.CRM.associatednavigationproperty": {
                        "type": "string"
                      },
                      "_ya_applicationrequest_value@Microsoft.Dynamics.CRM.lookuplogicalname": {
                        "type": "string"
                      },
                      "_ya_applicationrequest_value@odata.type": {
                        "type": "string"
                      },
                      "_ya_applicationrequest_value": {
                        "type": "string"
                      },
                      "ya_id": {
                        "type": "string"
                      },
                      "_ownerid_value@OData.Community.Display.V1.FormattedValue": {
                        "type": "string"
                      },
                      "_ownerid_value@Microsoft.Dynamics.CRM.associatednavigationproperty": {
                        "type": "string"
                      },
                      "_ownerid_value@Microsoft.Dynamics.CRM.lookuplogicalname": {
                        "type": "string"
                      },
                      "_ownerid_value@odata.type": {
                        "type": "string"
                      },
                      "_ownerid_value": {
                        "type": "string"
                      },
                      "modifiedon@OData.Community.Display.V1.FormattedValue": {
                        "type": "string"
                      },
                      "modifiedon@odata.type": {
                        "type": "string"
                      },
                      "modifiedon": {
                        "type": "string"
                      },
                      "utcconversiontimezonecode": {},
                      "versionnumber@OData.Community.Display.V1.FormattedValue": {
                        "type": "string"
                      },
                      "versionnumber@odata.type": {
                        "type": "string"
                      },
                      "versionnumber": {
                        "type": "integer"
                      },
                      "ya_applicationapprovalid@odata.type": {
                        "type": "string"
                      },
                      "ya_applicationapprovalid": {
                        "type": "string"
                      },
                      "statecode@OData.Community.Display.V1.FormattedValue": {
                        "type": "string"
                      },
                      "statecode": {
                        "type": "integer"
                      },
                      "traversedpath": {},
                      "_owninguser_value@Microsoft.Dynamics.CRM.lookuplogicalname": {
                        "type": "string"
                      },
                      "_owninguser_value@odata.type": {
                        "type": "string"
                      },
                      "_owninguser_value": {
                        "type": "string"
                      },
                      "_createdby_value@OData.Community.Display.V1.FormattedValue": {
                        "type": "string"
                      },
                      "_createdby_value@Microsoft.Dynamics.CRM.lookuplogicalname": {
                        "type": "string"
                      },
                      "_createdby_value@odata.type": {
                        "type": "string"
                      },
                      "_createdby_value": {
                        "type": "string"
                      },
                      "statuscode@OData.Community.Display.V1.FormattedValue": {
                        "type": "string"
                      },
                      "statuscode": {
                        "type": "integer"
                      },
                      "ya_order@OData.Community.Display.V1.FormattedValue": {
                        "type": "string"
                      },
                      "ya_order": {
                        "type": "integer"
                      },
                      "timezoneruleversionnumber": {},
                      "_owningteam_value": {},
                      "_createdonbehalfby_value": {},
                      "_ya_approver_value@OData.Community.Display.V1.FormattedValue": {
                        "type": "string"
                      },
                      "_ya_approver_value@Microsoft.Dynamics.CRM.lookuplogicalname": {
                        "type": "string"
                      },
                      "_ya_approver_value@odata.type": {
                        "type": "string"
                      },
                      "_ya_approver_value": {
                        "type": "string"
                      },
                      "_stageid_value": {},
                      "importsequencenumber": {},
                      "_modifiedonbehalfby_value": {},
                      "_owningbusinessunit_value@OData.Community.Display.V1.FormattedValue": {
                        "type": "string"
                      },
                      "_owningbusinessunit_value@Microsoft.Dynamics.CRM.associatednavigationproperty": {
                        "type": "string"
                      },
                      "_owningbusinessunit_value@Microsoft.Dynamics.CRM.lookuplogicalname": {
                        "type": "string"
                      },
                      "_owningbusinessunit_value@odata.type": {
                        "type": "string"
                      },
                      "_owningbusinessunit_value": {
                        "type": "string"
                      },
                      "_modifiedby_value@OData.Community.Display.V1.FormattedValue": {
                        "type": "string"
                      },
                      "_modifiedby_value@Microsoft.Dynamics.CRM.lookuplogicalname": {
                        "type": "string"
                      },
                      "_modifiedby_value@odata.type": {
                        "type": "string"
                      },
                      "_modifiedby_value": {
                        "type": "string"
                      },
                      "overriddencreatedon": {},
                      "createdby@odata.associationLink": {
                        "type": "string"
                      },
                      "createdby@odata.navigationLink": {
                        "type": "string"
                      },
                      "createdonbehalfby@odata.associationLink": {
                        "type": "string"
                      },
                      "createdonbehalfby@odata.navigationLink": {
                        "type": "string"
                      },
                      "modifiedby@odata.associationLink": {
                        "type": "string"
                      },
                      "modifiedby@odata.navigationLink": {
                        "type": "string"
                      },
                      "modifiedonbehalfby@odata.associationLink": {
                        "type": "string"
                      },
                      "modifiedonbehalfby@odata.navigationLink": {
                        "type": "string"
                      },
                      "owninguser@odata.associationLink": {
                        "type": "string"
                      },
                      "owninguser@odata.navigationLink": {
                        "type": "string"
                      },
                      "owningteam@odata.associationLink": {
                        "type": "string"
                      },
                      "owningteam@odata.navigationLink": {
                        "type": "string"
                      },
                      "ownerid@odata.associationLink": {
                        "type": "string"
                      },
                      "ownerid@odata.navigationLink": {
                        "type": "string"
                      },
                      "owningbusinessunit@odata.associationLink": {
                        "type": "string"
                      },
                      "owningbusinessunit@odata.navigationLink": {
                        "type": "string"
                      },
                      "ya_applicationapproval_SyncErrors@odata.associationLink": {
                        "type": "string"
                      },
                      "ya_applicationapproval_SyncErrors@odata.navigationLink": {
                        "type": "string"
                      },
                      "ya_applicationapproval_DuplicateMatchingRecord@odata.associationLink": {
                        "type": "string"
                      },
                      "ya_applicationapproval_DuplicateMatchingRecord@odata.navigationLink": {
                        "type": "string"
                      },
                      "ya_applicationapproval_DuplicateBaseRecord@odata.associationLink": {
                        "type": "string"
                      },
                      "ya_applicationapproval_DuplicateBaseRecord@odata.navigationLink": {
                        "type": "string"
                      },
                      "ya_applicationapproval_AsyncOperations@odata.associationLink": {
                        "type": "string"
                      },
                      "ya_applicationapproval_AsyncOperations@odata.navigationLink": {
                        "type": "string"
                      },
                      "ya_applicationapproval_MailboxTrackingFolders@odata.associationLink": {
                        "type": "string"
                      },
                      "ya_applicationapproval_MailboxTrackingFolders@odata.navigationLink": {
                        "type": "string"
                      },
                      "ya_applicationapproval_UserEntityInstanceDatas@odata.associationLink": {
                        "type": "string"
                      },
                      "ya_applicationapproval_UserEntityInstanceDatas@odata.navigationLink": {
                        "type": "string"
                      },
                      "ya_applicationapproval_ProcessSession@odata.associationLink": {
                        "type": "string"
                      },
                      "ya_applicationapproval_ProcessSession@odata.navigationLink": {
                        "type": "string"
                      },
                      "ya_applicationapproval_BulkDeleteFailures@odata.associationLink": {
                        "type": "string"
                      },
                      "ya_applicationapproval_BulkDeleteFailures@odata.navigationLink": {
                        "type": "string"
                      },
                      "ya_applicationapproval_PrincipalObjectAttributeAccesses@odata.associationLink": {
                        "type": "string"
                      },
                      "ya_applicationapproval_PrincipalObjectAttributeAccesses@odata.navigationLink": {
                        "type": "string"
                      },
                      "ya_ApplicationRequest@odata.associationLink": {
                        "type": "string"
                      },
                      "ya_ApplicationRequest@odata.navigationLink": {
                        "type": "string"
                      },
                      "ya_Approver@odata.associationLink": {
                        "type": "string"
                      },
                      "ya_Approver@odata.navigationLink": {
                        "type": "string"
                      },
                      "bpf_ya_applicationapproval_ya_applicationrequestbpf@odata.associationLink": {
                        "type": "string"
                      },
                      "bpf_ya_applicationapproval_ya_applicationrequestbpf@odata.navigationLink": {
                        "type": "string"
                      },
                      "stageid@odata.associationLink": {
                        "type": "string"
                      },
                      "stageid@odata.navigationLink": {
                        "type": "string"
                      }
                    },
                    "required": [
                      "@@odata.type",
                      "@@odata.id",
                      "@@odata.etag",
                      "@@odata.editLink",
                      "processid@odata.type",
                      "processid",
                      "ya_approvalstatus@OData.Community.Display.V1.FormattedValue",
                      "ya_approvalstatus",
                      "createdon@OData.Community.Display.V1.FormattedValue",
                      "createdon@odata.type",
                      "createdon",
                      "ya_operatedon",
                      "_ya_applicationrequest_value@OData.Community.Display.V1.FormattedValue",
                      "_ya_applicationrequest_value@Microsoft.Dynamics.CRM.associatednavigationproperty",
                      "_ya_applicationrequest_value@Microsoft.Dynamics.CRM.lookuplogicalname",
                      "_ya_applicationrequest_value@odata.type",
                      "_ya_applicationrequest_value",
                      "ya_id",
                      "_ownerid_value@OData.Community.Display.V1.FormattedValue",
                      "_ownerid_value@Microsoft.Dynamics.CRM.associatednavigationproperty",
                      "_ownerid_value@Microsoft.Dynamics.CRM.lookuplogicalname",
                      "_ownerid_value@odata.type",
                      "_ownerid_value",
                      "modifiedon@OData.Community.Display.V1.FormattedValue",
                      "modifiedon@odata.type",
                      "modifiedon",
                      "utcconversiontimezonecode",
                      "versionnumber@OData.Community.Display.V1.FormattedValue",
                      "versionnumber@odata.type",
                      "versionnumber",
                      "ya_applicationapprovalid@odata.type",
                      "ya_applicationapprovalid",
                      "statecode@OData.Community.Display.V1.FormattedValue",
                      "statecode",
                      "traversedpath",
                      "_owninguser_value@Microsoft.Dynamics.CRM.lookuplogicalname",
                      "_owninguser_value@odata.type",
                      "_owninguser_value",
                      "_createdby_value@OData.Community.Display.V1.FormattedValue",
                      "_createdby_value@Microsoft.Dynamics.CRM.lookuplogicalname",
                      "_createdby_value@odata.type",
                      "_createdby_value",
                      "statuscode@OData.Community.Display.V1.FormattedValue",
                      "statuscode",
                      "ya_order@OData.Community.Display.V1.FormattedValue",
                      "ya_order",
                      "timezoneruleversionnumber",
                      "_owningteam_value",
                      "_createdonbehalfby_value",
                      "_ya_approver_value@OData.Community.Display.V1.FormattedValue",
                      "_ya_approver_value@Microsoft.Dynamics.CRM.lookuplogicalname",
                      "_ya_approver_value@odata.type",
                      "_ya_approver_value",
                      "_stageid_value",
                      "importsequencenumber",
                      "_modifiedonbehalfby_value",
                      "_owningbusinessunit_value@OData.Community.Display.V1.FormattedValue",
                      "_owningbusinessunit_value@Microsoft.Dynamics.CRM.associatednavigationproperty",
                      "_owningbusinessunit_value@Microsoft.Dynamics.CRM.lookuplogicalname",
                      "_owningbusinessunit_value@odata.type",
                      "_owningbusinessunit_value",
                      "_modifiedby_value@OData.Community.Display.V1.FormattedValue",
                      "_modifiedby_value@Microsoft.Dynamics.CRM.lookuplogicalname",
                      "_modifiedby_value@odata.type",
                      "_modifiedby_value",
                      "overriddencreatedon",
                      "createdby@odata.associationLink",
                      "createdby@odata.navigationLink",
                      "createdonbehalfby@odata.associationLink",
                      "createdonbehalfby@odata.navigationLink",
                      "modifiedby@odata.associationLink",
                      "modifiedby@odata.navigationLink",
                      "modifiedonbehalfby@odata.associationLink",
                      "modifiedonbehalfby@odata.navigationLink",
                      "owninguser@odata.associationLink",
                      "owninguser@odata.navigationLink",
                      "owningteam@odata.associationLink",
                      "owningteam@odata.navigationLink",
                      "ownerid@odata.associationLink",
                      "ownerid@odata.navigationLink",
                      "owningbusinessunit@odata.associationLink",
                      "owningbusinessunit@odata.navigationLink",
                      "ya_applicationapproval_SyncErrors@odata.associationLink",
                      "ya_applicationapproval_SyncErrors@odata.navigationLink",
                      "ya_applicationapproval_DuplicateMatchingRecord@odata.associationLink",
                      "ya_applicationapproval_DuplicateMatchingRecord@odata.navigationLink",
                      "ya_applicationapproval_DuplicateBaseRecord@odata.associationLink",
                      "ya_applicationapproval_DuplicateBaseRecord@odata.navigationLink",
                      "ya_applicationapproval_AsyncOperations@odata.associationLink",
                      "ya_applicationapproval_AsyncOperations@odata.navigationLink",
                      "ya_applicationapproval_MailboxTrackingFolders@odata.associationLink",
                      "ya_applicationapproval_MailboxTrackingFolders@odata.navigationLink",
                      "ya_applicationapproval_UserEntityInstanceDatas@odata.associationLink",
                      "ya_applicationapproval_UserEntityInstanceDatas@odata.navigationLink",
                      "ya_applicationapproval_ProcessSession@odata.associationLink",
                      "ya_applicationapproval_ProcessSession@odata.navigationLink",
                      "ya_applicationapproval_BulkDeleteFailures@odata.associationLink",
                      "ya_applicationapproval_BulkDeleteFailures@odata.navigationLink",
                      "ya_applicationapproval_PrincipalObjectAttributeAccesses@odata.associationLink",
                      "ya_applicationapproval_PrincipalObjectAttributeAccesses@odata.navigationLink",
                      "ya_ApplicationRequest@odata.associationLink",
                      "ya_ApplicationRequest@odata.navigationLink",
                      "ya_Approver@odata.associationLink",
                      "ya_Approver@odata.navigationLink",
                      "bpf_ya_applicationapproval_ya_applicationrequestbpf@odata.associationLink",
                      "bpf_ya_applicationapproval_ya_applicationrequestbpf@odata.navigationLink",
                      "stageid@odata.associationLink",
                      "stageid@odata.navigationLink"
                    ]
                  }
                },
                "ya_ApplicationRequestItem_ya_ApplicationR@odata.associationLink": {
                  "type": "string"
                },
                "ya_ApplicationRequestItem_ya_ApplicationR@odata.navigationLink": {
                  "type": "string"
                },
                "ya_ApplicationRequestItem_ya_ApplicationR@odata.type": {
                  "type": "string"
                },
                "ya_ApplicationRequestItem_ya_ApplicationR": {
                  "type": "array",
                  "items": {
                    "type": "object",
                    "properties": {
                      "@@odata.type": {
                        "type": "string"
                      },
                      "@@odata.id": {
                        "type": "string"
                      },
                      "@@odata.etag": {
                        "type": "string"
                      },
                      "@@odata.editLink": {
                        "type": "string"
                      },
                      "overriddencreatedon": {},
                      "_owningbusinessunit_value@OData.Community.Display.V1.FormattedValue": {
                        "type": "string"
                      },
                      "_owningbusinessunit_value@Microsoft.Dynamics.CRM.associatednavigationproperty": {
                        "type": "string"
                      },
                      "_owningbusinessunit_value@Microsoft.Dynamics.CRM.lookuplogicalname": {
                        "type": "string"
                      },
                      "_owningbusinessunit_value@odata.type": {
                        "type": "string"
                      },
                      "_owningbusinessunit_value": {
                        "type": "string"
                      },
                      "_ya_applicationrequest_value@OData.Community.Display.V1.FormattedValue": {
                        "type": "string"
                      },
                      "_ya_applicationrequest_value@Microsoft.Dynamics.CRM.associatednavigationproperty": {
                        "type": "string"
                      },
                      "_ya_applicationrequest_value@Microsoft.Dynamics.CRM.lookuplogicalname": {
                        "type": "string"
                      },
                      "_ya_applicationrequest_value@odata.type": {
                        "type": "string"
                      },
                      "_ya_applicationrequest_value": {
                        "type": "string"
                      },
                      "utcconversiontimezonecode": {},
                      "timezoneruleversionnumber": {},
                      "ya_id": {},
                      "_createdby_value@OData.Community.Display.V1.FormattedValue": {
                        "type": "string"
                      },
                      "_createdby_value@Microsoft.Dynamics.CRM.lookuplogicalname": {
                        "type": "string"
                      },
                      "_createdby_value@odata.type": {
                        "type": "string"
                      },
                      "_createdby_value": {
                        "type": "string"
                      },
                      "ya_itemname": {
                        "type": "string"
                      },
                      "importsequencenumber": {},
                      "modifiedon@OData.Community.Display.V1.FormattedValue": {
                        "type": "string"
                      },
                      "modifiedon@odata.type": {
                        "type": "string"
                      },
                      "modifiedon": {
                        "type": "string"
                      },
                      "_modifiedonbehalfby_value": {},
                      "ya_order@OData.Community.Display.V1.FormattedValue": {
                        "type": "string"
                      },
                      "ya_order": {
                        "type": "integer"
                      },
                      "_owninguser_value@Microsoft.Dynamics.CRM.lookuplogicalname": {
                        "type": "string"
                      },
                      "_owninguser_value@odata.type": {
                        "type": "string"
                      },
                      "_owninguser_value": {
                        "type": "string"
                      },
                      "_modifiedby_value@OData.Community.Display.V1.FormattedValue": {
                        "type": "string"
                      },
                      "_modifiedby_value@Microsoft.Dynamics.CRM.lookuplogicalname": {
                        "type": "string"
                      },
                      "_modifiedby_value@odata.type": {
                        "type": "string"
                      },
                      "_modifiedby_value": {
                        "type": "string"
                      },
                      "ya_applicationrequestitemid@odata.type": {
                        "type": "string"
                      },
                      "ya_applicationrequestitemid": {
                        "type": "string"
                      },
                      "createdon@OData.Community.Display.V1.FormattedValue": {
                        "type": "string"
                      },
                      "createdon@odata.type": {
                        "type": "string"
                      },
                      "createdon": {
                        "type": "string"
                      },
                      "versionnumber@OData.Community.Display.V1.FormattedValue": {
                        "type": "string"
                      },
                      "versionnumber@odata.type": {
                        "type": "string"
                      },
                      "versionnumber": {
                        "type": "integer"
                      },
                      "_createdonbehalfby_value": {},
                      "_owningteam_value": {},
                      "statuscode@OData.Community.Display.V1.FormattedValue": {
                        "type": "string"
                      },
                      "statuscode": {
                        "type": "integer"
                      },
                      "_ownerid_value@OData.Community.Display.V1.FormattedValue": {
                        "type": "string"
                      },
                      "_ownerid_value@Microsoft.Dynamics.CRM.associatednavigationproperty": {
                        "type": "string"
                      },
                      "_ownerid_value@Microsoft.Dynamics.CRM.lookuplogicalname": {
                        "type": "string"
                      },
                      "_ownerid_value@odata.type": {
                        "type": "string"
                      },
                      "_ownerid_value": {
                        "type": "string"
                      },
                      "ya_itemvalue": {
                        "type": "string"
                      },
                      "statecode@OData.Community.Display.V1.FormattedValue": {
                        "type": "string"
                      },
                      "statecode": {
                        "type": "integer"
                      },
                      "createdby@odata.associationLink": {
                        "type": "string"
                      },
                      "createdby@odata.navigationLink": {
                        "type": "string"
                      },
                      "createdonbehalfby@odata.associationLink": {
                        "type": "string"
                      },
                      "createdonbehalfby@odata.navigationLink": {
                        "type": "string"
                      },
                      "modifiedby@odata.associationLink": {
                        "type": "string"
                      },
                      "modifiedby@odata.navigationLink": {
                        "type": "string"
                      },
                      "modifiedonbehalfby@odata.associationLink": {
                        "type": "string"
                      },
                      "modifiedonbehalfby@odata.navigationLink": {
                        "type": "string"
                      },
                      "owninguser@odata.associationLink": {
                        "type": "string"
                      },
                      "owninguser@odata.navigationLink": {
                        "type": "string"
                      },
                      "owningteam@odata.associationLink": {
                        "type": "string"
                      },
                      "owningteam@odata.navigationLink": {
                        "type": "string"
                      },
                      "ownerid@odata.associationLink": {
                        "type": "string"
                      },
                      "ownerid@odata.navigationLink": {
                        "type": "string"
                      },
                      "owningbusinessunit@odata.associationLink": {
                        "type": "string"
                      },
                      "owningbusinessunit@odata.navigationLink": {
                        "type": "string"
                      },
                      "ya_applicationrequestitem_SyncErrors@odata.associationLink": {
                        "type": "string"
                      },
                      "ya_applicationrequestitem_SyncErrors@odata.navigationLink": {
                        "type": "string"
                      },
                      "ya_applicationrequestitem_AsyncOperations@odata.associationLink": {
                        "type": "string"
                      },
                      "ya_applicationrequestitem_AsyncOperations@odata.navigationLink": {
                        "type": "string"
                      },
                      "ya_applicationrequestitem_MailboxTrackingFolders@odata.associationLink": {
                        "type": "string"
                      },
                      "ya_applicationrequestitem_MailboxTrackingFolders@odata.navigationLink": {
                        "type": "string"
                      },
                      "ya_applicationrequestitem_UserEntityInstanceDatas@odata.associationLink": {
                        "type": "string"
                      },
                      "ya_applicationrequestitem_UserEntityInstanceDatas@odata.navigationLink": {
                        "type": "string"
                      },
                      "ya_applicationrequestitem_ProcessSession@odata.associationLink": {
                        "type": "string"
                      },
                      "ya_applicationrequestitem_ProcessSession@odata.navigationLink": {
                        "type": "string"
                      },
                      "ya_applicationrequestitem_BulkDeleteFailures@odata.associationLink": {
                        "type": "string"
                      },
                      "ya_applicationrequestitem_BulkDeleteFailures@odata.navigationLink": {
                        "type": "string"
                      },
                      "ya_applicationrequestitem_PrincipalObjectAttributeAccesses@odata.associationLink": {
                        "type": "string"
                      },
                      "ya_applicationrequestitem_PrincipalObjectAttributeAccesses@odata.navigationLink": {
                        "type": "string"
                      },
                      "ya_applicationrequestitem_DuplicateMatchingRecord@odata.associationLink": {
                        "type": "string"
                      },
                      "ya_applicationrequestitem_DuplicateMatchingRecord@odata.navigationLink": {
                        "type": "string"
                      },
                      "ya_applicationrequestitem_DuplicateBaseRecord@odata.associationLink": {
                        "type": "string"
                      },
                      "ya_applicationrequestitem_DuplicateBaseRecord@odata.navigationLink": {
                        "type": "string"
                      },
                      "ya_ApplicationRequest@odata.associationLink": {
                        "type": "string"
                      },
                      "ya_ApplicationRequest@odata.navigationLink": {
                        "type": "string"
                      }
                    },
                    "required": [
                      "@@odata.type",
                      "@@odata.id",
                      "@@odata.etag",
                      "@@odata.editLink",
                      "overriddencreatedon",
                      "_owningbusinessunit_value@OData.Community.Display.V1.FormattedValue",
                      "_owningbusinessunit_value@Microsoft.Dynamics.CRM.associatednavigationproperty",
                      "_owningbusinessunit_value@Microsoft.Dynamics.CRM.lookuplogicalname",
                      "_owningbusinessunit_value@odata.type",
                      "_owningbusinessunit_value",
                      "_ya_applicationrequest_value@OData.Community.Display.V1.FormattedValue",
                      "_ya_applicationrequest_value@Microsoft.Dynamics.CRM.associatednavigationproperty",
                      "_ya_applicationrequest_value@Microsoft.Dynamics.CRM.lookuplogicalname",
                      "_ya_applicationrequest_value@odata.type",
                      "_ya_applicationrequest_value",
                      "utcconversiontimezonecode",
                      "timezoneruleversionnumber",
                      "ya_id",
                      "_createdby_value@OData.Community.Display.V1.FormattedValue",
                      "_createdby_value@Microsoft.Dynamics.CRM.lookuplogicalname",
                      "_createdby_value@odata.type",
                      "_createdby_value",
                      "ya_itemname",
                      "importsequencenumber",
                      "modifiedon@OData.Community.Display.V1.FormattedValue",
                      "modifiedon@odata.type",
                      "modifiedon",
                      "_modifiedonbehalfby_value",
                      "ya_order@OData.Community.Display.V1.FormattedValue",
                      "ya_order",
                      "_owninguser_value@Microsoft.Dynamics.CRM.lookuplogicalname",
                      "_owninguser_value@odata.type",
                      "_owninguser_value",
                      "_modifiedby_value@OData.Community.Display.V1.FormattedValue",
                      "_modifiedby_value@Microsoft.Dynamics.CRM.lookuplogicalname",
                      "_modifiedby_value@odata.type",
                      "_modifiedby_value",
                      "ya_applicationrequestitemid@odata.type",
                      "ya_applicationrequestitemid",
                      "createdon@OData.Community.Display.V1.FormattedValue",
                      "createdon@odata.type",
                      "createdon",
                      "versionnumber@OData.Community.Display.V1.FormattedValue",
                      "versionnumber@odata.type",
                      "versionnumber",
                      "_createdonbehalfby_value",
                      "_owningteam_value",
                      "statuscode@OData.Community.Display.V1.FormattedValue",
                      "statuscode",
                      "_ownerid_value@OData.Community.Display.V1.FormattedValue",
                      "_ownerid_value@Microsoft.Dynamics.CRM.associatednavigationproperty",
                      "_ownerid_value@Microsoft.Dynamics.CRM.lookuplogicalname",
                      "_ownerid_value@odata.type",
                      "_ownerid_value",
                      "ya_itemvalue",
                      "statecode@OData.Community.Display.V1.FormattedValue",
                      "statecode",
                      "createdby@odata.associationLink",
                      "createdby@odata.navigationLink",
                      "createdonbehalfby@odata.associationLink",
                      "createdonbehalfby@odata.navigationLink",
                      "modifiedby@odata.associationLink",
                      "modifiedby@odata.navigationLink",
                      "modifiedonbehalfby@odata.associationLink",
                      "modifiedonbehalfby@odata.navigationLink",
                      "owninguser@odata.associationLink",
                      "owninguser@odata.navigationLink",
                      "owningteam@odata.associationLink",
                      "owningteam@odata.navigationLink",
                      "ownerid@odata.associationLink",
                      "ownerid@odata.navigationLink",
                      "owningbusinessunit@odata.associationLink",
                      "owningbusinessunit@odata.navigationLink",
                      "ya_applicationrequestitem_SyncErrors@odata.associationLink",
                      "ya_applicationrequestitem_SyncErrors@odata.navigationLink",
                      "ya_applicationrequestitem_AsyncOperations@odata.associationLink",
                      "ya_applicationrequestitem_AsyncOperations@odata.navigationLink",
                      "ya_applicationrequestitem_MailboxTrackingFolders@odata.associationLink",
                      "ya_applicationrequestitem_MailboxTrackingFolders@odata.navigationLink",
                      "ya_applicationrequestitem_UserEntityInstanceDatas@odata.associationLink",
                      "ya_applicationrequestitem_UserEntityInstanceDatas@odata.navigationLink",
                      "ya_applicationrequestitem_ProcessSession@odata.associationLink",
                      "ya_applicationrequestitem_ProcessSession@odata.navigationLink",
                      "ya_applicationrequestitem_BulkDeleteFailures@odata.associationLink",
                      "ya_applicationrequestitem_BulkDeleteFailures@odata.navigationLink",
                      "ya_applicationrequestitem_PrincipalObjectAttributeAccesses@odata.associationLink",
                      "ya_applicationrequestitem_PrincipalObjectAttributeAccesses@odata.navigationLink",
                      "ya_applicationrequestitem_DuplicateMatchingRecord@odata.associationLink",
                      "ya_applicationrequestitem_DuplicateMatchingRecord@odata.navigationLink",
                      "ya_applicationrequestitem_DuplicateBaseRecord@odata.associationLink",
                      "ya_applicationrequestitem_DuplicateBaseRecord@odata.navigationLink",
                      "ya_ApplicationRequest@odata.associationLink",
                      "ya_ApplicationRequest@odata.navigationLink"
                    ]
                  }
                }
              }
            }
          }
        },
        "承認テーブルの作成": {
          "runAfter": {
            "承認・申請書項目の解析": [
              "Succeeded"
            ]
          },
          "metadata": {
            "operationMetadataId": "2424f151-1e59-448e-866f-ab0b6daea6e2"
          },
          "type": "Table",
          "inputs": {
            "from": "@body('承認・申請書項目の解析')?['ya_ApplicationApproval_ya_ApplicationRequ']",
            "format": "HTML",
            "columns": [
              {
                "header": "承認者",
                "value": "@item()?['_ya_approver_value']"
              }
            ]
          }
        },
        "申請書項目テーブルの作成": {
          "runAfter": {
            "承認テーブルの作成": [
              "Succeeded"
            ]
          },
          "metadata": {
            "operationMetadataId": "28acb27d-918e-49a2-8099-a26f282a6147"
          },
          "type": "Table",
          "inputs": {
            "from": "@body('承認・申請書項目の解析')?['ya_ApplicationRequestItem_ya_ApplicationR']",
            "format": "HTML",
            "columns": [
              {
                "header": "項目名",
                "value": "@item()?['ya_itemname']"
              },
              {
                "header": "値",
                "value": "@item()?['ya_itemvalue']"
              }
            ]
          }
        },
        "承認依頼の本文": {
          "runAfter": {
            "申請者を取得する": [
              "Succeeded"
            ]
          },
          "metadata": {
            "operationMetadataId": "9a192738-83db-473d-8085-d0a4e678b47a"
          },
          "type": "Compose",
          "inputs": "@{outputs('申請種別を取得する')?['body/ya_name']} (ID:@{outputs('承認・申請書項目を取得する')?['body/ya_id']})\n@{outputs('申請者を取得する')?['body/fullname']}\n\n申請内容:\n@{body('申請書項目テーブルの作成')}\n\n承認者:\n@{body('承認テーブルの作成')}"
        },
        "申請種別を取得する": {
          "runAfter": {
            "申請書項目テーブルの作成": [
              "Succeeded"
            ]
          },
          "metadata": {
            "operationMetadataId": "630f1749-8f63-42cb-9560-aa908b7c824a"
          },
          "type": "OpenApiConnection",
          "inputs": {
            "host": {
              "connectionName": "shared_commondataserviceforapps_1",
              "operationId": "GetItem",
              "apiId": "/providers/Microsoft.PowerApps/apis/shared_commondataserviceforapps"
            },
            "parameters": {
              "entityName": "ya_applicationtypes",
              "recordId": "@outputs('承認・申請書項目を取得する')?['body/_ya_applicationtype_value']"
            },
            "authentication": "@parameters('$authentication')"
          }
        },
        "申請者を取得する": {
          "runAfter": {
            "申請種別を取得する": [
              "Succeeded"
            ]
          },
          "metadata": {
            "operationMetadataId": "0d0ef4b7-f185-4f6d-ac11-5eb78796dbb7"
          },
          "type": "OpenApiConnection",
          "inputs": {
            "host": {
              "connectionName": "shared_commondataserviceforapps_1",
              "operationId": "GetItem",
              "apiId": "/providers/Microsoft.PowerApps/apis/shared_commondataserviceforapps"
            },
            "parameters": {
              "entityName": "systemusers",
              "recordId": "@outputs('承認・申請書項目を取得する')?['body/_createdby_value']"
            },
            "authentication": "@parameters('$authentication')"
          }
        },
        "承認者ごと": {
          "foreach": "@body('承認・申請書項目の解析')?['ya_ApplicationApproval_ya_ApplicationRequ']",
          "actions": {
            "JSON_の解析": {
              "runAfter": {},
              "metadata": {
                "operationMetadataId": "8e675eae-9f29-4491-b804-5d0ed425ad05"
              },
              "type": "ParseJson",
              "inputs": {
                "content": "@items('承認者ごと')",
                "schema": {
                  "type": "object",
                  "properties": {
                    "@@odata.type": {
                      "type": "string"
                    },
                    "@@odata.id": {
                      "type": "string"
                    },
                    "@@odata.etag": {
                      "type": "string"
                    },
                    "@@odata.editLink": {
                      "type": "string"
                    },
                    "ya_order@OData.Community.Display.V1.FormattedValue": {
                      "type": "string"
                    },
                    "ya_order": {
                      "type": "integer"
                    },
                    "processid@odata.type": {
                      "type": "string"
                    },
                    "processid": {
                      "type": "string"
                    },
                    "ya_approvalstatus@OData.Community.Display.V1.FormattedValue": {
                      "type": "string"
                    },
                    "ya_approvalstatus": {
                      "type": "integer"
                    },
                    "ya_operatedon": {},
                    "ya_id": {
                      "type": "string"
                    },
                    "_ownerid_value@OData.Community.Display.V1.FormattedValue": {
                      "type": "string"
                    },
                    "_ownerid_value@Microsoft.Dynamics.CRM.associatednavigationproperty": {
                      "type": "string"
                    },
                    "_ownerid_value@Microsoft.Dynamics.CRM.lookuplogicalname": {
                      "type": "string"
                    },
                    "_ownerid_value@odata.type": {
                      "type": "string"
                    },
                    "_ownerid_value": {
                      "type": "string"
                    },
                    "modifiedon@OData.Community.Display.V1.FormattedValue": {
                      "type": "string"
                    },
                    "modifiedon@odata.type": {
                      "type": "string"
                    },
                    "modifiedon": {
                      "type": "string"
                    },
                    "ya_applicationapprovalid@odata.type": {
                      "type": "string"
                    },
                    "ya_applicationapprovalid": {
                      "type": "string"
                    },
                    "utcconversiontimezonecode": {},
                    "versionnumber@OData.Community.Display.V1.FormattedValue": {
                      "type": "string"
                    },
                    "versionnumber@odata.type": {
                      "type": "string"
                    },
                    "versionnumber": {
                      "type": "integer"
                    },
                    "statecode@OData.Community.Display.V1.FormattedValue": {
                      "type": "string"
                    },
                    "statecode": {
                      "type": "integer"
                    },
                    "traversedpath": {},
                    "_owninguser_value@Microsoft.Dynamics.CRM.lookuplogicalname": {
                      "type": "string"
                    },
                    "_owninguser_value@odata.type": {
                      "type": "string"
                    },
                    "_owninguser_value": {
                      "type": "string"
                    },
                    "createdon@OData.Community.Display.V1.FormattedValue": {
                      "type": "string"
                    },
                    "createdon@odata.type": {
                      "type": "string"
                    },
                    "createdon": {
                      "type": "string"
                    },
                    "_createdby_value@OData.Community.Display.V1.FormattedValue": {
                      "type": "string"
                    },
                    "_createdby_value@Microsoft.Dynamics.CRM.lookuplogicalname": {
                      "type": "string"
                    },
                    "_createdby_value@odata.type": {
                      "type": "string"
                    },
                    "_createdby_value": {
                      "type": "string"
                    },
                    "timezoneruleversionnumber": {},
                    "statuscode@OData.Community.Display.V1.FormattedValue": {
                      "type": "string"
                    },
                    "statuscode": {
                      "type": "integer"
                    },
                    "_ya_applicationrequest_value@OData.Community.Display.V1.FormattedValue": {
                      "type": "string"
                    },
                    "_ya_applicationrequest_value@Microsoft.Dynamics.CRM.associatednavigationproperty": {
                      "type": "string"
                    },
                    "_ya_applicationrequest_value@Microsoft.Dynamics.CRM.lookuplogicalname": {
                      "type": "string"
                    },
                    "_ya_applicationrequest_value@odata.type": {
                      "type": "string"
                    },
                    "_ya_applicationrequest_value": {
                      "type": "string"
                    },
                    "_owningteam_value": {},
                    "_ya_approver_value@OData.Community.Display.V1.FormattedValue": {
                      "type": "string"
                    },
                    "_ya_approver_value@Microsoft.Dynamics.CRM.lookuplogicalname": {
                      "type": "string"
                    },
                    "_ya_approver_value@odata.type": {
                      "type": "string"
                    },
                    "_ya_approver_value": {
                      "type": "string"
                    },
                    "_stageid_value": {},
                    "importsequencenumber": {},
                    "_modifiedonbehalfby_value": {},
                    "_owningbusinessunit_value@OData.Community.Display.V1.FormattedValue": {
                      "type": "string"
                    },
                    "_owningbusinessunit_value@Microsoft.Dynamics.CRM.associatednavigationproperty": {
                      "type": "string"
                    },
                    "_owningbusinessunit_value@Microsoft.Dynamics.CRM.lookuplogicalname": {
                      "type": "string"
                    },
                    "_owningbusinessunit_value@odata.type": {
                      "type": "string"
                    },
                    "_owningbusinessunit_value": {
                      "type": "string"
                    },
                    "_modifiedby_value@OData.Community.Display.V1.FormattedValue": {
                      "type": "string"
                    },
                    "_modifiedby_value@Microsoft.Dynamics.CRM.lookuplogicalname": {
                      "type": "string"
                    },
                    "_modifiedby_value@odata.type": {
                      "type": "string"
                    },
                    "_modifiedby_value": {
                      "type": "string"
                    },
                    "_createdonbehalfby_value": {},
                    "overriddencreatedon": {},
                    "createdby@odata.associationLink": {
                      "type": "string"
                    },
                    "createdby@odata.navigationLink": {
                      "type": "string"
                    },
                    "createdonbehalfby@odata.associationLink": {
                      "type": "string"
                    },
                    "createdonbehalfby@odata.navigationLink": {
                      "type": "string"
                    },
                    "modifiedby@odata.associationLink": {
                      "type": "string"
                    },
                    "modifiedby@odata.navigationLink": {
                      "type": "string"
                    },
                    "modifiedonbehalfby@odata.associationLink": {
                      "type": "string"
                    },
                    "modifiedonbehalfby@odata.navigationLink": {
                      "type": "string"
                    },
                    "owninguser@odata.associationLink": {
                      "type": "string"
                    },
                    "owninguser@odata.navigationLink": {
                      "type": "string"
                    },
                    "owningteam@odata.associationLink": {
                      "type": "string"
                    },
                    "owningteam@odata.navigationLink": {
                      "type": "string"
                    },
                    "ownerid@odata.associationLink": {
                      "type": "string"
                    },
                    "ownerid@odata.navigationLink": {
                      "type": "string"
                    },
                    "owningbusinessunit@odata.associationLink": {
                      "type": "string"
                    },
                    "owningbusinessunit@odata.navigationLink": {
                      "type": "string"
                    },
                    "ya_applicationapproval_SyncErrors@odata.associationLink": {
                      "type": "string"
                    },
                    "ya_applicationapproval_SyncErrors@odata.navigationLink": {
                      "type": "string"
                    },
                    "ya_applicationapproval_DuplicateMatchingRecord@odata.associationLink": {
                      "type": "string"
                    },
                    "ya_applicationapproval_DuplicateMatchingRecord@odata.navigationLink": {
                      "type": "string"
                    },
                    "ya_applicationapproval_DuplicateBaseRecord@odata.associationLink": {
                      "type": "string"
                    },
                    "ya_applicationapproval_DuplicateBaseRecord@odata.navigationLink": {
                      "type": "string"
                    },
                    "ya_applicationapproval_AsyncOperations@odata.associationLink": {
                      "type": "string"
                    },
                    "ya_applicationapproval_AsyncOperations@odata.navigationLink": {
                      "type": "string"
                    },
                    "ya_applicationapproval_MailboxTrackingFolders@odata.associationLink": {
                      "type": "string"
                    },
                    "ya_applicationapproval_MailboxTrackingFolders@odata.navigationLink": {
                      "type": "string"
                    },
                    "ya_applicationapproval_UserEntityInstanceDatas@odata.associationLink": {
                      "type": "string"
                    },
                    "ya_applicationapproval_UserEntityInstanceDatas@odata.navigationLink": {
                      "type": "string"
                    },
                    "ya_applicationapproval_ProcessSession@odata.associationLink": {
                      "type": "string"
                    },
                    "ya_applicationapproval_ProcessSession@odata.navigationLink": {
                      "type": "string"
                    },
                    "ya_applicationapproval_BulkDeleteFailures@odata.associationLink": {
                      "type": "string"
                    },
                    "ya_applicationapproval_BulkDeleteFailures@odata.navigationLink": {
                      "type": "string"
                    },
                    "ya_applicationapproval_PrincipalObjectAttributeAccesses@odata.associationLink": {
                      "type": "string"
                    },
                    "ya_applicationapproval_PrincipalObjectAttributeAccesses@odata.navigationLink": {
                      "type": "string"
                    },
                    "ya_ApplicationRequest@odata.associationLink": {
                      "type": "string"
                    },
                    "ya_ApplicationRequest@odata.navigationLink": {
                      "type": "string"
                    },
                    "ya_Approver@odata.associationLink": {
                      "type": "string"
                    },
                    "ya_Approver@odata.navigationLink": {
                      "type": "string"
                    },
                    "bpf_ya_applicationapproval_ya_applicationrequestbpf@odata.associationLink": {
                      "type": "string"
                    },
                    "bpf_ya_applicationapproval_ya_applicationrequestbpf@odata.navigationLink": {
                      "type": "string"
                    },
                    "stageid@odata.associationLink": {
                      "type": "string"
                    },
                    "stageid@odata.navigationLink": {
                      "type": "string"
                    }
                  }
                }
              }
            },
            "承認者を取得する": {
              "runAfter": {
                "JSON_の解析": [
                  "Succeeded"
                ]
              },
              "metadata": {
                "operationMetadataId": "2167bfce-2446-4077-aaf7-3504bcaff4ce"
              },
              "type": "OpenApiConnection",
              "inputs": {
                "host": {
                  "connectionName": "shared_commondataserviceforapps_1",
                  "operationId": "GetItem",
                  "apiId": "/providers/Microsoft.PowerApps/apis/shared_commondataserviceforapps"
                },
                "parameters": {
                  "entityName": "systemusers",
                  "recordId": "@items('承認者ごと')?['_ya_approver_value']"
                },
                "authentication": "@parameters('$authentication')"
              }
            },
            "開始して承認を待機": {
              "runAfter": {
                "承認者を取得する": [
                  "Succeeded"
                ]
              },
              "metadata": {
                "operationMetadataId": "ed2ea82e-d785-4be1-b53e-c9a3e3190902"
              },
              "type": "OpenApiConnectionWebhook",
              "inputs": {
                "host": {
                  "connectionName": "shared_approvals_1",
                  "operationId": "StartAndWaitForAnApproval",
                  "apiId": "/providers/Microsoft.PowerApps/apis/shared_approvals"
                },
                "parameters": {
                  "approvalType": "CustomResponse",
                  "WebhookApprovalCreationInput/responseOptions": [
                    "承認",
                    "却下"
                  ],
                  "WebhookApprovalCreationInput/title": "@{outputs('申請種別を取得する')?['body/ya_name']} (ID:@{outputs('承認・申請書項目を取得する')?['body/ya_id']})",
                  "WebhookApprovalCreationInput/assignedTo": "@{outputs('承認者を取得する')?['body/internalemailaddress']};",
                  "WebhookApprovalCreationInput/details": "@outputs('承認依頼の本文')",
                  "WebhookApprovalCreationInput/enableNotifications": true,
                  "WebhookApprovalCreationInput/enableReassignment": true
                },
                "authentication": "@parameters('$authentication')"
              }
            },
            "条件": {
              "actions": {
                "承認に更新する": {
                  "runAfter": {},
                  "metadata": {
                    "operationMetadataId": "65fe91a0-a3e6-4e89-a826-c128ecddef70"
                  },
                  "type": "OpenApiConnection",
                  "inputs": {
                    "host": {
                      "connectionName": "shared_commondataserviceforapps_1",
                      "operationId": "UpdateRecord",
                      "apiId": "/providers/Microsoft.PowerApps/apis/shared_commondataserviceforapps"
                    },
                    "parameters": {
                      "entityName": "ya_applicationapprovals",
                      "recordId": "@body('JSON_の解析')?['ya_applicationapprovalid']",
                      "item/ya_approvalstatus": 100000007
                    },
                    "authentication": "@parameters('$authentication')"
                  }
                }
              },
              "runAfter": {
                "開始して承認を待機": [
                  "Succeeded"
                ]
              },
              "else": {
                "actions": {
                  "却下に更新する": {
                    "runAfter": {},
                    "metadata": {
                      "operationMetadataId": "71b3f82b-ece8-4a27-93e7-3e9459728bfe"
                    },
                    "type": "OpenApiConnection",
                    "inputs": {
                      "host": {
                        "connectionName": "shared_commondataserviceforapps_1",
                        "operationId": "UpdateRecord",
                        "apiId": "/providers/Microsoft.PowerApps/apis/shared_commondataserviceforapps"
                      },
                      "parameters": {
                        "entityName": "ya_applicationapprovals",
                        "recordId": "@body('JSON_の解析')?['ya_applicationapprovalid']",
                        "item/ya_approvalstatus": 100000006
                      },
                      "authentication": "@parameters('$authentication')"
                    }
                  }
                }
              },
              "expression": {
                "equals": [
                  "@outputs('開始して承認を待機')?['body/outcome']",
                  "承認"
                ]
              },
              "metadata": {
                "operationMetadataId": "77ce92e4-2e40-413b-b192-9961e7439531"
              },
              "type": "If"
            }
          },
          "runAfter": {
            "承認依頼の本文": [
              "Succeeded"
            ]
          },
          "metadata": {
            "operationMetadataId": "0f7138fc-9d6d-4051-ab83-2216dc6d9a3f"
          },
          "type": "Foreach"
        }
      }
    },
    "templateName": ""
  },
  "schemaVersion": "1.0.0.0"
}